Pathogen_Drug,Slope,Pred_2024,Pred_2025
E_coli_Carbapenem,-4.200000000000002,11.399999999999636,7.200000000000728
K_pneumoniae_Carbapenem,-3.1000000000000005,41.5,38.400000000000546
S_aureus_MRSA,-3.8000000000000016,48.19999999999982,44.399999999999636
